Genus.Species,Caste,Image CASENT,Weber's length_1,Weber's length_2,Weber's length_error_rate,Head width_1,Head width_2,Head_width_error_rate,Scape length,Mandible length_1,Mandible length_2,Mandible length_error_rate,Eye length_1,Eye length_2,Eye length_error_rate
Anochetus.mayri,worker,casent0010834,1.112,1.111,0.001,0.743,0.753,-0.013,,0.453,0.456,-0.007,0.080,0.087,-0.087
Aphaenogaster.ashmeadi,worker,casent0103560,2.052,2.064,-0.006,0.994,1.000,-0.006,,0.298,0.291,0.023,0.240,0.245,-0.021
Aphaenogaster.carolinensis,worker,casent0103574,1.485,1.503,-0.012,0.774,0.778,-0.005,,0.225,0.232,-0.031,0.224,0.227,-0.013
Aphaenogaster.flemingi,worker,casent0103579,1.918,1.911,0.004,0.896,0.894,0.002,,0.303,0.301,0.007,0.230,0.231,-0.004
Aphaenogaster.floridana,worker,casent0103583,2.021,2.018,0.001,1.017,1.023,-0.006,,0.321,0.315,0.019,0.291,0.295,-0.014
Aphaenogaster.fulva,worker,casent0103585,1.674,1.667,0.004,1.090,1.084,0.006,,0.240,0.245,-0.021,0.243,0.238,0.021
Aphaenogaster.lamellidens,worker,casent0103589,2.160,2.181,-0.010,1.158,1.165,-0.006,,0.320,0.322,-0.006,0.251,0.261,-0.040
Aphaenogaster.mariae,worker,casent0103599,1.407,1.424,-0.012,0.837,0.825,0.014,,0.236,0.235,0.004,0.184,0.191,-0.038
Aphaenogaster.carolinensis,worker,,,,#DIV/0!,,,#DIV/0!,,,,#DIV/0!,,,#DIV/0!
Aphaenogaster.rudis ,worker,casent0104843,1.666,1.676,-0.006,0.958,0.952,0.006,,0.242,0.237,0.021,0.225,0.228,-0.013
Aphaenogaster.tennesseensis,worker,casent0103600,1.765,1.770,-0.003,1.096,1.108,-0.011,,0.283,0.276,0.025,0.229,0.226,0.013
Aphaenogaster.treatae,worker,casent0914485,2.235,2.227,0.004,1.113,1.113,0.000,,0.361,0.359,0.006,0.277,0.276,0.004
Aphaenogaster.umphreyi,worker,casent0103612,1.704,1.697,0.004,0.987,0.984,0.003,,0.287,0.295,-0.028,0.165,0.165,0.000
Brachymyrmex.depilis,worker,MCZ-ENT00672722,0.405,0.407,-0.005,0.375,0.373,0.005,,0.062,0.062,0.000,0.082,0.083,-0.012
Brachymyrmex.depilis_cf,worker,,,,#DIV/0!,,,#DIV/0!,,,,#DIV/0!,,,#DIV/0!
Brachymyrmex.minutus,worker,casent0602037,0.379,0.381,-0.005,0.316,0.315,0.003,,0.038,0.037,0.026,0.088,0.088,0.000
Brachymyrmex.obscurior,worker,casent0219802,0.437,0.443,-0.014,0.409,0.415,-0.015,,0.067,0.068,-0.015,0.100,0.103,-0.030
Brachymyrmex.patagonicus,worker,casent0915987,0.492,0.489,0.006,0.412,0.412,0.000,,0.023,0.022,0.043,0.136,0.137,-0.007
Brachymyrmex.sp,worker,,,,#DIV/0!,,,#DIV/0!,,,,#DIV/0!,,,#DIV/0!
Camponotus.americanus (minor),minor,casent0280005,3.062,3.024,0.012,1.308,1.305,0.002,,0.222,0.217,0.023,0.470,0.463,0.015
Camponotus.americanus (major),major,casent0911613,3.889,3.889,0.000,2.700,2.686,0.005,,0.239,0.234,0.021,0.628,0.630,-0.003
Camponotus.caryae (minor),minor,casent0103652,2.301,2.292,0.004,1.526,1.526,0.000,,0.349,0.352,-0.009,0.378,0.382,-0.011
Camponotus.castaneus (minor),minor,casent0103654,3.296,3.270,0.008,1.544,1.541,0.002,,0.316,0.321,-0.016,0.534,0.537,-0.006
Camponotus.castaneus (major),major,casent0172603,3.445,3.474,-0.008,1.848,1.848,0.000,,0.298,0.291,0.023,0.505,0.500,0.010
Camponotus.decipiens (minor),minor,casent0103667,2.016,2.012,0.002,1.077,1.069,0.007,,0.213,0.214,-0.005,0.328,0.331,-0.009
Camponotus.decipiens (major),major,casent0249368,2.893,2.909,-0.006,2.294,2.294,0.000,,0.434,0.431,0.007,0.496,0.492,0.008
Camponotus.discolor (major),major,casent0103670,2.371,2.394,-0.010,1.789,1.786,0.002,,0.263,0.269,-0.023,0.437,0.439,-0.005
Camponotus.floridanus (minor),minor,fmnhins0000062856,2.776,2.725,0.018,1.333,1.319,0.011,,0.319,0.317,0.006,0.450,0.435,0.033
Camponotus.floridanus (major),major,casent0104894,3.707,3.719,-0.003,3.082,3.071,0.004,,0.451,0.441,0.022,0.617,0.620,-0.005
Camponotus.nearcticus (minor),minor,casent0103685,1.712,1.724,-0.007,1.004,1.011,-0.007,,0.098,0.102,-0.041,0.311,0.310,0.003
Camponotus.nearcticus (major),major,casent0103689,2.522,2.533,-0.004,1.514,1.509,0.003,,0.224,0.224,0.000,0.403,0.403,0.000
Camponotus.novogranadensis (minor),minor,casent0173434,1.382,1.390,-0.006,1.075,1.065,0.009,,0.122,0.121,0.008,0.341,0.340,0.003
Camponotus.novogranadensis (major),major,casent0280071,2.273,2.273,0.000,1.839,1.839,0.000,,0.377,0.378,-0.003,0.412,0.411,0.002
Camponotus.pennsylvanicus (minor)  ,minor,casent0179608,2.933,2.956,-0.008,1.862,1.855,0.004,,0.249,0.245,0.016,0.521,0.521,0.000
Camponotus.pennsylvanicus (major),major,casent0103694,3.986,3.976,0.003,2.958,2.944,0.005,,0.479,0.477,0.004,0.567,0.570,-0.005
Camponotus.planatus (minor),minor,casent0103700,1.346,1.352,-0.004,0.886,0.888,-0.002,,0.099,0.097,0.020,0.307,0.305,0.007
Camponotus.planatus (major),major,casent0246647,2.011,2.013,-0.001,1.814,1.814,0.000,,0.165,0.166,-0.006,0.437,0.438,-0.002
Camponotus.sexguttatus (minor),minor,casent0249405,1.871,1.870,0.001,0.831,0.833,-0.002,,0.125,0.123,0.016,0.344,0.339,0.015
Camponotus.sexguttatus (major),major,casent0246661,1.994,2.000,-0.003,1.337,1.379,-0.031,,0.180,0.172,0.044,0.403,0.404,-0.002
Camponotus.snellingi (minor),minor,casent0103732,2.141,2.136,0.002,1.207,1.212,-0.004,,0.232,0.234,-0.009,0.316,0.317,-0.003
Camponotus.snellingi (major),major,casent0103730,2.772,2.770,0.001,1.703,1.703,0.000,,0.341,0.340,0.003,0.351,0.362,-0.031
Camponotus.socius (minor),minor,casent0103712,3.818,3.794,0.006,1.586,1.583,0.002,,0.280,0.292,-0.043,0.504,0.502,0.004
Camponotus.socius (major),major,casent0103711,4.412,4.423,-0.002,3.051,3.051,0.000,,0.508,0.531,-0.045,0.626,0.621,0.008
Cardiocondyla.emeryi,worker,casent0005964,0.512,0.528,-0.031,0.342,0.338,0.012,,0.034,0.035,-0.029,0.090,0.084,0.067
Cardiocondyla.mauritanica,worker,casent0005678,0.685,0.695,-0.015,0.470,0.470,0.000,,0.113,0.110,0.027,0.125,0.124,0.008
Cardiocondyla.minutior,worker,casent0171077,0.515,0.501,0.027,0.336,0.335,0.003,,0.054,0.050,0.074,0.089,0.089,0.000
Cardiocondyla.obscurior,worker,casent0103430,0.508,0.513,-0.010,0.345,0.344,0.003,,0.054,0.054,0.000,0.085,0.087,-0.024
Cardiocondyla.venustula,worker,casent0103747,0.652,0.664,-0.018,0.435,0.434,0.002,,0.067,0.069,-0.030,0.113,0.110,0.027
Cardiocondyla.wroughtonii,worker,casent0102969,0.461,0.468,-0.015,0.343,0.339,0.012,,0.050,0.048,0.040,0.095,0.093,0.021
Cephalotes.varians (minor),minor,casent0103759,1.056,1.053,0.003,1.078,1.086,-0.007,,0.132,0.134,-0.015,0.185,0.189,-0.022
Cephalotes.varians (major),major,casent0103758,1.634,1.642,-0.005,1.675,1.672,0.002,,not possible,not possible,#VALUE!,0.306,0.299,0.023
Colobopsis.impressa,worker,casent0103678,1.382,1.381,0.001,1.069,1.070,-0.001,,0.085,0.076,0.106,0.268,0.270,-0.007
Colobopsis.obliquus,worker,casent0103723,1.055,1.061,-0.006,0.738,0.743,-0.007,,0.068,0.066,0.029,0.228,0.230,-0.009
Colobopsis.riehlii,worker,fmnhins0000088669,1.145,1.149,-0.003,0.855,0.852,0.004,,0.064,0.074,-0.156,0.232,0.239,-0.030
Crematogaster.ashmeadi,worker,ent00669688,0.853,0.874,-0.025,0.764,0.770,-0.008,,0.107,0.111,-0.037,0.174,0.182,-0.046
Crematogaster.atkinsoni,worker,casent0103770,0.985,0.985,0.000,0.956,0.944,0.013,,0.104,0.102,0.019,0.207,0.210,-0.014
Crematogaster.cerasi,worker,casent0922725,1.142,1.140,0.002,0.990,0.996,-0.006,,0.132,0.127,0.038,0.213,0.219,-0.028
Crematogaster.lineolata,worker,casent0103781,0.891,0.899,-0.009,0.796,0.793,0.004,,0.103,0.098,0.049,0.187,0.191,-0.021
Crematogaster.minutissima,worker,fmnhins0000047839,0.592,0.605,-0.022,0.474,0.466,0.017,,0.066,0.067,-0.015,0.138,0.136,0.014
Crematogaster.missuriensis,worker,casent0102833,0.570,0.568,0.004,0.491,0.484,0.014,,0.017,0.019,-0.118,0.162,0.160,0.012
Crematogaster.obscurata,worker,casent0914637,0.792,0.787,0.006,0.619,0.622,-0.005,,0.077,0.079,-0.026,0.175,0.177,-0.011
Crematogaster.pilosa,worker,casent0103806,1.001,0.992,0.009,0.940,0.933,0.007,,0.102,0.101,0.010,0.216,0.220,-0.019
Crematogaster.pinicola,worker,casent0172943,0.821,0.829,-0.010,0.832,0.831,0.001,,0.107,0.106,0.009,0.159,0.165,-0.038
Crematogaster.vermiculata,worker,casent0005673,1.097,1.110,-0.012,0.954,0.949,0.005,,0.091,0.085,0.066,0.250,0.258,-0.032
Cryptopone.gilva,worker,casent0260410,1.062,1.062,0.000,0.699,0.679,0.029,,0.272,0.268,0.015,0.035,0.033,0.057
Cyphomyrmex.minutus,worker,casent0103832,0.997,0.986,0.011,0.700,0.699,0.001,,0.103,0.107,-0.039,0.141,0.143,-0.014
Cyphomyrmex.rimosus,worker,casent0923105,1.112,1.112,0.000,0.741,0.744,-0.004,,0.176,0.184,-0.045,0.165,0.163,0.012
Discothyrea.testacea,worker,casent0103847,0.481,0.475,0.012,0.408,0.404,0.010,,0.011,0.010,0.091,0.015,0.015,0.000
Dolichoderus.mariae,worker,casent0003312,1.325,1.339,-0.011,0.939,0.942,-0.003,,0.219,0.221,-0.009,0.265,0.268,-0.011
Dolichoderus.pustulatus,worker,casent0902960,1.166,1.166,0.000,0.720,0.724,-0.006,,0.203,0.212,-0.044,0.238,0.247,-0.038
Dorymyrmex.bossutus,worker,casent0105876,0.970,0.972,-0.002,0.530,0.541,-0.021,,0.089,0.089,0.000,0.163,0.161,0.012
Dorymyrmex.bureni,worker,casent0281176,1.317,1.313,0.003,0.865,0.865,0.000,,0.139,0.138,0.007,0.252,0.253,-0.004
Dorymyrmex.elegans,worker,casent0003314,1.289,1.275,0.011,0.690,0.686,0.006,,0.146,0.147,-0.007,0.207,0.206,0.005
Dorymyrmex.flavopectus,worker,casent0103887,1.227,1.199,0.023,0.732,0.729,0.004,,0.184,0.181,0.016,0.204,0.202,0.010
Dorymyrmex.grandula (?grandulus),worker,casent0103878,1.087,1.068,0.017,0.620,0.607,0.021,,0.113,0.112,0.009,0.185,0.184,0.005
Dorymyrmex.reginicula,worker,casent0103900,1.296,1.310,-0.011,0.875,0.881,-0.007,,0.130,0.129,0.008,0.262,0.268,-0.023
Dorymyrmex.sp.,worker,,,,#DIV/0!,,,#DIV/0!,,,,#DIV/0!,,,#DIV/0!
Eurhopalothrix.floridana,worker,casent0003195,0.663,0.645,0.027,0.610,0.604,0.010,,0.142,0.144,-0.014,0.041,0.040,0.024
Forelius.pruinosus,worker,casent0249695,0.729,0.718,0.015,0.490,0.489,0.002,,0.059,0.059,0.000,0.126,0.126,0.000
Formica.archboldi,worker,casent0104886,2.378,2.371,0.003,1.128,1.131,-0.003,,0.256,0.248,0.031,0.414,0.413,0.002
Formica.biophilica,worker,casent0103499,2.479,2.499,-0.008,1.130,1.136,-0.005,,0.175,0.166,0.051,0.371,0.375,-0.011
Formica.dolosa,worker,casent0103933,2.900,2.869,0.011,1.201,1.207,-0.005,,0.232,0.231,0.004,0.424,0.427,-0.007
Formica.pallidefulva,worker,casent0103932,2.085,2.087,-0.001,0.982,0.985,-0.003,,0.164,0.164,0.000,0.354,0.349,0.014
Formica.subsericea,worker,casent0103942,2.508,2.496,0.005,1.369,1.387,-0.013,,0.174,0.170,0.023,0.513,0.508,0.010
Gnamptogenys.triangularis,worker,casent0103948,1.800,1.809,-0.005,0.999,0.998,0.001,,0.410,0.417,-0.017,0.235,0.234,0.004
Hypoponera.inexorata,worker,casent0102904,1.026,1.058,-0.031,0.676,0.669,0.010,,0.260,0.258,0.008,0.045,0.045,0.000
Hypoponera.opaciceps,worker,casent0104663,1.077,1.074,0.003,0.666,0.654,0.018,,0.220,0.220,0.000,0.042,0.043,-0.024
Hypoponera.opacior,worker,casent0102905,0.815,0.817,-0.002,0.518,0.511,0.014,,0.173,0.171,0.012,0.027,0.026,0.037
Hypoponera.punctatissima,worker,casent0005437,0.838,0.866,-0.033,0.524,0.521,0.006,,0.194,0.200,-0.031,0.028,0.026,0.071
Lasius.americanus,worker,casent0103987,1.011,1.033,-0.022,0.764,0.782,-0.024,,0.095,0.092,0.032,0.206,0.221,-0.073
Lasius.interjectus,worker,casent0102696,1.554,1.566,-0.008,1.342,1.347,-0.004,,0.204,0.208,-0.020,0.169,0.171,-0.012
Lasius.neoniger,worker,casent0005403,1.070,1.084,-0.013,0.819,0.823,-0.005,,0.184,0.177,0.038,0.222,0.227,-0.023
Lasius.umbratus,worker,casent0172706,1.440,1.410,0.021,1.054,1.074,-0.019,,0.228,0.223,0.022,0.149,0.150,-0.007
Leptogenys.manni,worker,casent0104002,2.409,2.405,0.002,0.861,0.867,-0.007,,0.171,0.176,-0.029,0.317,0.315,0.006
Linepithema.humile,worker,casent0006019,1.063,1.071,-0.008,0.672,0.667,0.007,,0.147,0.143,0.027,0.163,0.165,-0.012
Monomorium.pharaonis,worker,casent0173986,0.654,0.654,0.000,0.394,0.397,-0.008,,0.054,0.055,-0.019,0.075,0.074,0.013
Monomorium.sp.,worker,,,,#DIV/0!,,,#DIV/0!,,,,#DIV/0!,,,#DIV/0!
Monomorium.subcoecum ,worker,casent0904581,0.377 (bad photo),0.393 (bad photo),#VALUE!,0.312,0.318,-0.019,,0.064,0.064,0.000,0.018,0.018,0.000
Monomorium.trageri,worker,casent0104103,0.524,0.532,-0.015,0.350,0.356,-0.017,,0.026,0.022,0.154,0.081,0.082,-0.012
Monomorium.viridum,worker,casent0104112,0.526,0.532,-0.011,0.403,0.406,-0.007,,0.093,0.091,0.022,0.105,0.104,0.010
Myrmecina.americana,worker,casent0103049,0.835,0.837,-0.002,0.694,0.694,0.000,,0.152,0.163,-0.072,0.074,0.062,0.162
Myrmecina.sp.nov.,worker,,,,#DIV/0!,,,#DIV/0!,,,,#DIV/0!,,,#DIV/0!
Myrmica.punctiventris,worker,casent0104128,1.433,1.440,-0.005,0.988,0.994,-0.006,,0.158,0.154,0.025,0.210,0.215,-0.024
Neivamyrmex.carolinensis,worker,casent0104130,1.388,1.378,0.007,0.965,0.970,-0.005,,0.176,0.175,0.006,0.047,0.047,0.000
Neivamyrmex.nigrescens,worker,casent0249493,1.327,1.330,-0.002,0.668,0.678,-0.015,,0.204,0.204,0.000,0.070,0.070,0.000
Neivamyrmex.opacithorax,worker,casent0102767,0..97,1.002,#VALUE!,0.545,0.544,0.002,,0.084,0.085,-0.012,0.048,0.044,0.083
Neivamyrmex.pilosus,worker,ufv-labecol-003518,1.519,1.509,0.007,0.712,0.719,-0.010,,0.256,0.251,0.020,0.054,0.052,0.037
Neivamyrmex.texanus,worker,casent0104150,1.498,1.499,-0.001,0.767,0.769,-0.003,,0.222,0.222,0.000,0.770,0.740,0.039
Nylanderia.arenivaga,worker,casent0104195,0.763,0.758,0.007,0.444,0.447,-0.007,,0.081,0.076,0.062,0.127,0.129,-0.016
Nylanderia.bourbonica,worker,casent0235555,0.897,0.912,-0.017,0.534,0.532,0.004,,0.107,0.107,0.000,0.173,0.169,0.023
Nylanderia.concinna,worker,casent0104209,0.758,0.764,-0.008,0.461,0.458,0.007,,0.690,0.680,0.014,0.126,0.123,0.024
Nylanderia.faisonensis,worker,casent0104218,0.707,0.724,-0.024,0.428,0.429,-0.002,,0.111,0.109,0.018,0.117,0.119,-0.017
Nylanderia.fulva,worker,casent0173491,0.929,0.940,-0.012,0.599,0.602,-0.005,,0.141,0.137,0.028,0.179,0.176,0.017
Nylanderia.parvula,worker,casent0003319,0.735,0.734,0.001,0.498,0.501,-0.006,,0.109,0.109,0.000,0.132,0.135,-0.023
Nylanderia.phantasma,worker,casent0104244,0.732,0.726,0.008,0.434,0.434,0.000,,0.010,0.010,0.000,0.125,0.133,-0.064
Nylanderia.pubens,worker,casent0104254,0.994,0.997,-0.003,0.645,0.642,0.005,,0.062,0.067,-0.081,0.186,0.185,0.005
Nylanderia.sp.,worker,,,,#DIV/0!,,,#DIV/0!,,,,#DIV/0!,,,#DIV/0!
Nylanderia.steinheili,worker,casent0178613,0.667,0.665,0.003,0.421,0.418,0.007,,0.092,0.092,0.000,0.123,0.120,0.024
Nylanderia.vividula,worker,casent0280580,0.705,0.706,-0.001,0.517,0.515,0.004,,0.129,0.128,0.008,0.149,0.153,-0.027
Nylanderia.wojciki,worker,casent0104268,0.628,0.635,-0.011,0.422,0.425,-0.007,,0.061,0.063,-0.033,0.121,0.124,-0.025
Ochetellus.glaber,worker,casent0005175,0.653,0.652,0.002,0.482,0.487,-0.010,,0.099,0.101,-0.020,0.138,0.133,0.036
Odontomachus.brunneus,worker,casent0270600,2.690,2.709,-0.007,1.710,1.706,0.002,,1.116,1.119,-0.003,0.380,0.383,-0.008
Odontomachus.haematodus,worker,casent0103104,3.064,3.077,-0.004,1.901,1.891,0.005,,1.242,1.238,0.003,0.474,0.467,0.015
Odontomachus.relictus,worker,casent0104172,2.364,2.353,0.005,1.566,1.566,0.000,,0.971,0.989,-0.019,0.357,0.355,0.006
Odontomachus.ruginodis,worker,casent0104183,2.755,2.790,-0.013,1.531,1.540,-0.006,,0.869,0.871,-0.002,0.333,0.330,0.009
Paratrechina.longicornis,worker,casent0171035,1.017,1.016,0.001,0.463,0.463,0.000,,0.095,0.093,0.021,0.194,0.195,-0.005
Pheidole.adrianoi (minor),minor,casent0104274,0.507,0.506,0.002,0.394,0.395,-0.003,,0.101,0.100,0.010,0.099,0.101,-0.020
Pheidole.adrianoi (major),major,casent0104273,0.697,0.695,0.003,0.895,0.894,0.001,,0.201,0.202,-0.005,0.109,0.113,-0.037
Pheidole.bicarinata (minor),minor,casent0005750,0.595,0.594,0.002,0.512,0.512,0.000,,0.123,0.120,0.024,0.114,0.114,0.000
Pheidole.bicarinata (major),major,casent0102868,0.899,0.897,0.002,1.024,1.027,-0.003,,0.177,0.179,-0.011,0.123,0.122,0.008
Pheidole.floridana,minor,fmnhins0000078504,0.534,0.537,-0.006,0.432,0.429,0.007,,0.096,0.094,0.021,0.086,0.086,0.000
Pheidole.floridana,major,casent0104401,0.826,0.822,0.005,0.854,0.851,0.004,,0.192,0.187,0.026,0.106,0.106,0.000
Pheidole.carrolli (Minor),minor,casent0104287,0.792,0.802,-0.013,0.522,0.522,0.000,,0.116,0.114,0.017,0.138,0.139,-0.007
Pheidole.carrolli (Major),major,casent0104286,1.301,1.302,-0.001,1.432,1.429,0.002,,0.331,0.331,0.000,0.190,0.189,0.005
Pheidole.crassicornis (Minor),minor,casent0904433,1.012,1.001,0.011,0.578,0.581,-0.005,,0.182,0.183,-0.005,0.128,0.131,-0.023
Pheidole.crassicornis (Major),major,casent0104291,1.237,1.247,-0.008,1.142,1.149,-0.006,,0.234,0.237,-0.013,0.189,0.181,0.042
Pheidole.crassicornis_nr,worker,,,,#DIV/0!,,,#DIV/0!,,,,#DIV/0!,,,#DIV/0!
Pheidole.dentata (Minor),minor,casent0104240,0.940,0.948,-0.009,0.619,0.615,0.006,,0.133,0.131,0.015,0.154,0.154,0.000
Pheidole.dentata (Major),major,casent0901550,1.103,1.103,0.000,1.128,1.140,-0.011,,0.327,0.327,0.000,0.189,0.193,-0.021
Pheidole.dentigula (Minor),minor,casent0104394,0.514,0.510,0.008,0.450,0.450,0.000,,0.125,0.124,0.008,0.065,0.063,0.031
Pheidole.dentigula (Major),major,casent0104393,0.709,0.704,0.007,0.784,0.788,-0.005,,0.169,0.167,0.012,0.083,0.079,0.048
Pheidole.diversipilosa (Minor),minor,casent0102875,0.843,0.852,-0.011,0.601,0.603,-0.003,,0.156,0.154,0.013,0.144,0.142,0.014
Pheidole.diversipilosa (Major),major,casent0102874,1.117,1.118,-0.001,1.193,1.191,0.002,,0.290,0.288,0.007,0.168,0.171,-0.018
Pheidole.flavens (Minor),minor,casent0178022,0.501,0.498,0.006,0.391,0.389,0.005,,0.113,0.112,0.009,0.081,0.080,0.012
Pheidole.flavens (Major),major,casent0178020,0.734,0.730,0.005,0.807,0.810,-0.004,,0.173,0.172,0.006,0.095,0.097,-0.021
Pheidole.lamia (Minor),minor,casent0104788,0.599,0.604,-0.008,0.419,0.419,0.000,,0.100,0.100,0.000,0.077,0.075,0.026
Pheidole.lamia (Major),major,casent0104787,0.792,0.800,-0.010,0.598,0.592,0.010,,0.130,0.133,-0.023,0.098,0.100,-0.020
Pheidole.littoralis (Minor),minor,fmnhins0000062822,0.501,0.502,-0.002,0.410,0.410,0.000,,0.088,0.088,0.000,0.082,0.083,-0.012
Pheidole.littoralis (Major),major,fmnhins0000062820,0.882,0.881,0.001,1.248,1.245,0.002,,0.216,0.212,0.019,0.154,0.162,-0.052
Pheidole.megacephala (Minor),minor,casent0056016,0.837,0.825,0.014,0.573,0.574,-0.002,,0.176,0.180,-0.023,0.129,0.132,-0.023
Pheidole.megacephala (Major),major,casent0063124,1.084,1.086,-0.002,1.292,1.295,-0.002,,0.268,0.263,0.019,0.137,0.135,0.015
Pheidole.metallescens (Minor),minor,casent0104412,0.547,0.560,-0.024,0.411,0.412,-0.002,,0.070,0.700,-9.000,0.100,0.101,-0.010
Pheidole.metallescens (Major),major,casent0104411,0.757,0.764,-0.009,0.859,0.862,-0.003,,0.155,0.153,0.013,0.126,0.125,0.008
Pheidole.morrisii (Minor),minor,casent0104416,0.843,0.832,0.013,0.550,0.548,0.004,,0.134,0.133,0.007,0.146,0.144,0.014
Pheidole.morrisii (Major),major,casent0104415,1.177,1.195,-0.015,1.143,1.143,0.000,,0.226,0.232,-0.027,0.188,0.193,-0.027
Pheidole.moerens,minor,casent0005743,0.642,0.647,-0.008,0.425,0.425,0.000,,0.101,0.102,-0.010,0.088,0.084,0.045
Pheidole.moerens,major,casent0005742,0.741,0.735,0.008,0.879,0.870,0.010,,0.253,0.259,-0.024,0.123,0.127,-0.033
Pheidole.obscurithorax,minor,casent0178042,1.062,1.057,0.005,0.558,0.557,0.002,,0.153,0.155,-0.013,0.147,0.152,-0.034
Pheidole.obscurithorax ,major,casent0178041,1.532,1.539,-0.005,1.607,1.601,0.004,,0.388,0.384,0.010,0.196,0.196,0.000
Pheidole.sp.,worker,,,,#DIV/0!,,,#DIV/0!,,,,#DIV/0!,,,#DIV/0!
Pheidole.tysoni (Minor),minor,casent0104427,0.558,0.564,-0.011,0.414,0.413,0.002,,0.076,0.075,0.013,0.085,0.084,0.012
Pheidole.tysoni (Major),major,casent0282947,0.803,0.797,0.007,0.887,0.892,-0.006,,0.180,0.177,0.017,0.113,0.110,0.027
Platythyrea.punctata,worker,casent0006819,2.134,2.160,-0.012,1.016,1.013,0.003,,0.370,0.371,-0.003,0.288,0.297,-0.031
Pogonomyrmex.badius (Minor),minor,casent0104423,1.975,1.993,-0.009,1.503,1.512,-0.006,,0.227,0.217,0.044,0.318,0.315,0.009
Pogonomyrmex.badius (Major),major,casent0104424,3.005,3.002,0.001,3.182,3.196,-0.004,,0.426,0.433,-0.016,0.472,0.472,0.000
Polyergus.sp.,worker,,,,#DIV/0!,,,#DIV/0!,,,,#DIV/0!,,,#DIV/0!
Ponera.exotica,worker,casent0603539,0.669,0.666,0.004,0.395,0.394,0.003,,0.160,0.160,0.000,0.019,0.012,0.368
Ponera.pennsylvanica,worker,casent0006626,1.005,1.007,-0.002,0.560,0.556,0.007,,0.143,0.140,0.021,0.033,0.031,0.061
Prenolepis.imparis,worker,casent0102823,1.119,1.125,-0.005,0.767,0.775,-0.010,,0.130,0.134,-0.031,0.226,0.224,0.009
Prionopelta.antillana,worker,casent0006076,0.609,0.604,0.008,0.432,0.432,0.000,,0.077,0.078,-0.013,0.031,0.031,0.000
Proceratium.chickasaw,worker,casent0104435,1.105,1.117,-0.011,0.723,0.717,0.008,,0.133,0.132,0.008,0.018,0.015,0.167
Proceratium.crassicorne,worker,fmnhins0000057119,0.819,0.840,-0.026,0.571,0.576,-0.009,,0.152,0.154,-0.013,0.011,0.012,-0.091
Proceratium.creek,worker,casent0104439,1.654,1.671,-0.010,0.867,0.878,-0.013,,0.160,0.162,-0.013,0.026,0.027,-0.038
Proceratium.croceum,worker,casent0104442,1.317,1.303,0.011,0.826,0.831,-0.006,,0.170,0.174,-0.024,0.018,0.016,0.111
Proceratium.pergandei,worker,casent0104443,1.220,1.249,-0.024,0.756,0.756,0.000,,0.168,0.169,-0.006,0.015,0.017,-0.133
Proceratium.silaceum,worker,casent0104234,0.796,0.805,-0.011,0.642,0.639,0.005,,0.179,0.172,0.039,n/a,n/a,#VALUE!
Pseudomyrmex.cubaensis,worker,casent0005871,1.325,1.330,-0.004,0.668,0.664,0.006,,0.081,0.082,-0.012,0.503,0.496,0.014
Pseudomyrmex.ejectus,worker,casent0102684,1.132,1.122,0.009,0.652,0.644,0.012,,0.115,0.114,0.009,0.459,0.467,-0.017
Pseudomyrmex.elongatus,worker,casent0005874,1.004,0.999,0.005,0.549,0.543,0.011,,0.038,0.037,0.026,0.442,0.440,0.005
Pseudomyrmex.gracilis,worker,casent0005838,2.423,2.396,0.011,1.330,1.323,0.005,,0.192,0.192,0.000,0.920,0.926,-0.007
Pseudomyrmex.leptosus,worker,casent0902896,1.361,1.378,-0.012,0.649,0.647,0.003,,0.066,0.065,0.015,0.388,0.387,0.003
Pseudomyrmex.pallidus,worker,casent0005441,1.134,1.131,0.003,0.641,0.643,-0.003,,0.149,0.141,0.054,0.403,0.403,0.000
Pseudomyrmex.seminole,worker,casent0103884,1.452,1.473,-0.014,0.876,0.881,-0.006,,0.113,0.114,-0.009,0.500,0.497,0.006
Pseudomyrmex.simplex,worker,MCZ_ENT_Pseudomyrmex_simplex,1.466,1.453,0.009,0.717,0.720,-0.004,,0.081,0.081,0.000,,,#DIV/0!
Pseudomyrmex.sp.,worker,,,,#DIV/0!,,,#DIV/0!,,,,#DIV/0!,,,#DIV/0!
Pseudoneoponera.stigma,worker,casent0178392,1.804,1.814,-0.006,1.180,1.184,-0.003,,0.409,0.405,0.010,0.075,0.061,0.187
Solenopsis.carolinensis,worker,casent0010696,0.522,0.517,0.010,0.387,0.384,0.008,,0.063,0.065,-0.032,0.048,0.047,0.021
Solenopsis.geminata,minor,casent0104934,0.935,0.926,0.010,0.682,0.683,-0.001,,0.084,0.093,-0.107,0.117,0.124,-0.060
Solenopsis.geminata,major,casent0102966,1.423,1.418,0.004,1.164,1.170,-0.005,,0.224,0.221,0.013,0.155,0.158,-0.019
Solenopsis.globularia,worker,casent0173279,0.782,0.775,0.009,0.472,0.474,-0.004,,0.063,0.061,0.032,0.096,0.096,0.000
Solenopsis.invicta ,worker,casent0178135,1.388,1.388,0.000,0.889,0.889,0.000,,0.087,0.090,-0.034,0.155,0.155,0.000
Solenopsis.nickersoni,worker,CASENT0104505,0.418,0.418,0.000,0.293,0.293,0.000,,0.170,0.170,,0.048,0.048,0.000
Solenopsis.picta,worker,casent0104509,0.562,0.558,0.007,0.393,0.392,0.003,,0.054,0.054,0.000,0.043,0.046,-0.070
Solenopsis.pergandei,worker,CASENT0104506,0.510,0.510,0.000,0.330,0.330,0.000,,0.196,0.196,0.000,0.034,0.034,0.000
Solenopsis.tennessensis,worker,CASENT0911149,0.429,0.429,0.000,0.305,0.305,0.000,,0.169,0.169,0.000,0.021,0.021,0.000
Stenamma.foveolocephalum,worker,casent0104515,1.246,1.244,0.002,0.978,0.981,-0.003,,0.275,0.276,-0.004,0.196,0.195,0.005
"Stenamma.impar (not listed by Deyrup, check this record)",worker,casent0104795,0.822,0.829,-0.009,0.601,0.602,-0.002,,0.178,0.178,0.000,0.091,0.009,0.907
Stigmatomma.pallipes,worker,casent0005434,1.750,1.769,-0.011,1.169,1.167,0.002,,0.545,0.541,0.007,0.041,0.041,0.000
Strumigenys.abdita,worker,casent0104279,0.61,0.61,0.000,0.415,0.415,0.000,,0.105,0.105,0.000,0.025,0.026,-0.040
Strumigenys.angulata,worker,casent0103891,0.61,0.61,0.000,0.44,0.44,0.000,,0.175,0.175,0.000,0.030,0.026,0.133
Strumigenys.apalachicolensis ,worker,,0.5,0.5,0.000,0.35,0.35,0.000,,0.087,0.087,0.000,,,#DIV/0!
Strumigenys.archboldi,worker,casent0900175,0.51,0.51,0.000,0.37,0.37,0.000,,0.095,0.095,0.000,0.036,0.036,0.000
Strumigenys.boltoni,worker,,0.526,0.526,0.000,0.344,0.344,0.000,,0.074,0.074,0.000,0.049,0.049,0.000
Strumigenys.brevisetosa (was pilinasis) (No image with eye available),worker,,0.61,0.61,0.000,0.4,0.4,0.000,,0.105,0.105,0.000,,,#DIV/0!
Strumigenys.bunki,worker,casent0104336,0.525,0.525,0.000,0.38,0.38,0.000,,0.1,0.1,0.000,0.036,0.037,-0.028
Strumigenys.carolinensis,worker,casent0104341,0.56,0.56,0.000,0.4,0.4,0.000,,0.13,0.13,0.000,0.025,0.022,0.120
Strumigenys.cloydi,worker,,0.53,0.53,0.000,0.365,0.365,0.000,,0.09,0.09,0.000,0.048,0.048,0.000
Strumigenys.clypeata,worker,casent0103000,0.575,0.575,0.000,0.4,0.4,0.000,,0.095,0.095,0.000,0.044,0.044,0.000
Strumigenys.creightoni,worker,casent0104332,0.56,0.56,0.000,0.385,0.385,0.000,,0.105,0.105,0.000,0.045,0.042,0.067
Strumigenys.deyrupi,worker,casent0103172,0.48,0.48,0.000,0.33,0.33,0.000,,0.09,0.09,0.000,0.033,0.033,0.000
Strumigenys.dietrichi,worker,casent0103821,0.555,0.555,0.000,0.37,0.37,0.000,,0.08,0.08,0.000,0.050,0.045,0.100
Strumigenys.eggersi,worker,casent0103845,0.43,0.43,0.000,0.345,0.345,0.000,,0.255,0.255,0.000,0.029,0.030,-0.034
Strumigenys.emmae,worker,casent0005894,0.44,0.44,0.000,0.36,0.36,0.000,,0.135,0.135,0.000,0.022,0.022,0.000
Strumigenys.gundlachi,worker,casent0103867,0.475,0.475,0.000,0.38,0.38,0.000,,0.3,0.3,0.000,0.033,0.033,0.000
Strumigenys.hexamera,worker,casent0103819,0.585,0.585,0.000,0.54,0.54,0.000,,0.2,0.2,0.000,0.023,0.024,-0.043
Strumigenys.inopina QUEEN ONLY,queen,casent0103838,0.662,0.663,-0.002,0.382,0.850,-1.225,,0.179,0.172,0.039,0.112,0.112,0.000
Strumigenys.laevinasis,worker,casent0104472,0.65,0.65,0.000,0.44,0.44,0.000,,0.115,0.115,0.000,0.037,0.035,0.054
Strumigenys.lanuginosa,worker,casent0104517,0.61,0.61,0.000,0.46,0.46,0.000,,0.35,0.35,0.000,0.056,0.055,0.018
Strumigenys.louisianae,worker,antweb1038235,0.595,0.595,0.000,0.46,0.46,0.000,,0.355,0.355,0.000,0.044,0.044,0.000
Strumigenys.margaritae,worker,casent0104473,0.52,0.52,0.000,0.39,0.39,0.000,,0.11,0.11,0.000,0.063,0.069,-0.095
Strumigenys.membranifera,worker,casent0133285,0.515,0.515,0.000,0.42,0.42,0.000,,0.09,0.09,0.000,0.020,0.020,0.000
Strumigenys.missouriensis,worker,casent0104893,0.57,0.57,0.000,0.4,0.4,0.000,,0.09,0.09,0.000,0.035,0.036,-0.029
Strumigenys.ornata,worker,casent0104478,0.54,0.54,0.000,0.365,0.365,0.000,,0.07,0.07,0.000,0.029,0.032,-0.103
Strumigenys.pilinasis (was ohioensis) (no image with eye available),worker,,0.62,0.62,0.000,0.445,0.445,0.000,,0.14,0.14,0.000,,,#DIV/0!
Strumigenys.pulchella,worker,casent0104483,0.56,0.56,0.000,0.365,0.365,0.000,,0.085,0.085,0.000,0.035,0.035,0.000
Strumigenys.reflexa,worker,casent0104485,0.54,0.54,0.000,0.4,0.4,0.000,,0.08,0.08,0.000,0.030,0.030,0.000
Strumigenys.rogeri,worker,casent0005897,0.62,0.62,0.000,0.47,0.47,0.000,,0.35,0.35,0.000,0.046,0.051,-0.109
Strumigenys.rostrata,worker,casent0104486,0.65,0.65,0.000,0.445,0.445,0.000,,0.12,0.12,0.000,0.048,0.048,0.000
Strumigenys.silvestrii,worker,casent0178128,0.43,0.43,0.000,0.35,0.35,0.000,,0.24,0.24,0.000,0.025,0.027,-0.080
Strumigenys.sp.,worker,,,,#DIV/0!,,,#DIV/0!,,,,#DIV/0!,,,#DIV/0!
Strumigenys.talpa,worker,casent0104490,0.545,0.545,0.000,0.375,0.375,0.000,,0.095,0.095,0.000,0.039,0.037,0.051
Strumigenys.wrayi(no image with eye available),worker,,0.53,0.53,0.000,0.375,0.375,0.000,,0.08,0.08,0.000,,,#DIV/0!
Tapinoma.litorale,worker,casent0249763,0.612,0.618,-0.010,0.509,0.511,-0.004,,0.134,0.134,0.000,0.091,0.096,-0.055
Tapinoma.melanocephalum,worker,casent0104536,0.537,0.545,-0.015,0.431,0.429,0.005,,0.082,0.083,-0.012,0.123,0.124,-0.008
Tapinoma.sessile,worker,casent0005329,0.913,0.935,-0.024,0.684,0.677,0.010,,0.144,0.142,0.014,0.187,0.191,-0.021
Technomyrmex.difficilis,worker,casent0171131,0.688,0.694,-0.009,0.747,0.748,-0.001,,0.171,0.153,0.105,0.196,0.198,-0.010
Temnothorax.allardycei,worker,casent0104009,0.856,0.846,0.012,0.653,0.659,-0.009,,0.103,0.103,0.000,0.172,0.173,-0.006
Temnothorax.bradleyi,worker,casent0104011,0.966,0.970,-0.004,0.653,0.650,0.005,,0.096,0.096,0.000,0.124,0.118,0.048
Temnothorax.curvispinosus,worker,casent0104032,0.701,0.700,0.001,0.485,0.489,-0.008,,0.085,0.086,-0.012,0.123,0.121,0.016
Temnothorax.palustris,worker,casent0104045,0.769,0.777,-0.010,0.501,0.505,-0.008,,0.086,0.086,0.000,0.124,0.124,0.000
Temnothorax.pergandei,worker,casent0102842,0.952,0.941,0.012,0.617,0.618,-0.002,,0.102,0.105,-0.029,0.178,0.183,-0.028
Temnothorax.schaumii,worker,casent0104047,0.768,0.777,-0.012,0.451,0.452,-0.002,,0.063,0.064,-0.016,0.120,0.119,0.008
Temnothorax.smithi,worker,casent0104053,1.033,1.033,0.000,0.886,0.888,-0.002,,0.120,0.118,0.017,0.174,0.164,0.057
Temnothorax.texanus,worker,casent0104063,0.736,0.720,0.022,0.431,0.434,-0.007,,0.080,0.080,0.000,0.114,0.118,-0.035
Temnothorax.torrei,worker,fmnhins0000088654,0.537,0.544,-0.013,0.408,0.406,0.005,,0.039,0.036,0.077,0.103,0.102,0.010
Tetramorium.bicarinatum,worker,casent0005826,1.049,1.054,-0.005,0.733,0.737,-0.005,,0.182,0.184,-0.011,0.203,0.214,-0.054
Tetramorium.caldarium,worker,casent0102333,0.661,0.658,0.005,0.453,0.453,0.000,,0.107,0.107,0.000,0.107,0.110,-0.028
Tetramorium.lanuginosum,worker,fmnhins0000088655,0.728,0.729,-0.001,0.570,0.567,0.005,,1.400,1.137,0.188,0.123,0.123,0.000
Tetramorium.simillimum,worker,casent0102390,0.665,0.677,-0.018,0.469,0.469,0.000,,0.118,0.119,-0.008,0.099,0.101,-0.020
Trachymyrmex.jamaicensis (Mycetomoellerius jamaicensis),worker,casent0919971,1.969,1.992,-0.012,1.326,1.312,0.011,,0.347,0.490,-0.412,0.234,0.226,0.034
Trachymyrmex.septentrionalis,worker,casent0919975,1.509,1.505,0.003,1.026,1.035,-0.009,,0.310,0.310,0.000,0.165,0.163,0.012
Wasmania.auropunctata,worker,casent0097874,0.480,0.479,0.002,0.393,0.396,-0.008,,0.079,0.080,-0.013,0.082,0.082,0.000
Xenomyrmex.floridanus,worker,fmnhins0000078519,0.573,0.583,-0.017,0.414,0.418,-0.010,,0.059,0.061,-0.034,0.073,0.072,0.014